GeneticAgent2,RandomAgent,CDCDCDCDDDDDCCCDCDCCCDDCCDCDDCCCDDDCCCDDDCDCCDCDDDDDDDDCDDCCCDDCDCC,3,,30,5,tabusearch
GeneticAgent2,CooperativeAgent,CDDCCDCCDDCCDCCCCCCDDCDCDCCDCDCCCCDDCCCDDDCCCDCDCDCCCDDCDDDCDCCDDCD,3,,30,5,tabusearch
GeneticAgent2,DefectiveAgent,DCCCDDCDCCCDDCDDCCDDDDCDDDCCDCDDDDDDCDDCDDCDCDDDCDDDDCDDDDDCDCDCCDD,3,,30,5,tabusearch
GeneticAgent2,TFTAgent,CDDCDCCCDDDDDDCCCDDDDDCCDDCDDCDDCDDCCCCDDDCDCCCDDDDDDDDDCDCDDCDCCCC,3,,30,5,tabusearch
GeneticAgent2,TFNTAgent,CDCDCDDCDCDDDDDCDDDDCCDDDDCCDDCDDDDCDCCDCDCDCDCCDDDDDDCCCDDDCCDDCDC,3,,30,5,tabusearch
GeneticAgent2,STFTAgent,CDDDDCCCCCDCDCDCDDCCDCCDDCCCCCCCCDCDCCDCDDCDCDCCCDDDDCCCCCCDCCDCCDC,3,,30,5,tabusearch
GeneticAgent2,PavlovAgent,CDCDCCCCDDCDCCCCDDDDDDDDDDCCDCCCCCDCDCCCCCCCCDDDCCDCDCDDCCCDDDCCDDD,3,,30,5,tabusearch
GeneticAgent2,GeneticAgent,DCCDDCCCCCCCDDDCDDDCCDCCCDDDDCDCDCDCCDDCDCDCCDDDCCCDDCDDDDCDDDDDCCC,3,,30,5,tabusearch
GeneticAgent2,GeneticAgent2,DDDCCCCCDDDDCCCCCDDDCDCCDDDCCCCCDDDDCDCDCCCCCCCDCDDCCCDCDDDCCCDCDCD,3,,30,5,tabusearch
GeneticAgent2,RandomAgent,CCCDCCDDCDCDDCDCCCDCCDCDCDDDDDDDDDCCCDCDCCDDDCDDDCDDCCCDDDDDDDDDDDD,3,,30,5,hillclimbSteep
GeneticAgent2,CooperativeAgent,CCCDCCDDCDCDDCDCCCDCCDCDCDDDDDDDDDCCCDCDCCDDDCDDDCDDCCCDDDDDDDDDDDD,3,,30,5,hillclimbSteep
GeneticAgent2,DefectiveAgent,CCCDCCDDCDCDDCDCCCDCCDCDCDDDDDDDDDCCCDCDCCDDDCDDDCDDCCCDDDDDDDDDDDD,3,,30,5,hillclimbSteep
GeneticAgent2,TFTAgent,CCCDCCDDCDCDDCDCCCDCCDCDCDDDDDDDDDCCCDCDCCDDDCDDDCDDCCCCDDDCDDDDDDD,3,,30,5,hillclimbSteep
GeneticAgent2,TFNTAgent,CCCDCCDDCDCDDCDCDCDCCDCDCDDDDDDDDDCCCDCDCCDDDCDDDCDDCCCCDDDCDDDDDCD,3,,30,5,hillclimbSteep
GeneticAgent2,STFTAgent,CCCDCCDDCDCDDCDCDCDCCDCDCDDDDDDDDDCCCDCDCCDDDCDDDCDDCCCCDDDCDDDDCCC,3,,30,5,hillclimbSteep
GeneticAgent2,PavlovAgent,CCCDCCDDCDCDDCDCDCDCCDCDCDDDDDDDDDCCCDCDCCDDDCDDDCDDCCCCDDDCDDDDCCC,3,,30,5,hillclimbSteep
GeneticAgent2,GeneticAgent,CCDDCDDDCDCDDCDCDDDCCDCDDDDDDDDDDDCCCDCDCCCDDCDDDCCDCCCCCDDCDDDCCDD,3,,30,5,hillclimbSteep
GeneticAgent2,GeneticAgent2,CCCCCDDDDCCDDCDDCDDDDCCCCDCDCCCCCCDDCCCCDCDCDCCCCDDCDCDCDDDCDDDCDDD,3,,30,5,hillclimbSteep
GeneticAgent2,RandomAgent,DDCDCCCDCDDCCDDCDDDCCDCCCCCCDCCDCDDCCDDCDCCDCCDCDCCDDDDCDCDCCCDCCDD,3,,30,5,hillclimbSteep
GeneticAgent2,CooperativeAgent,DDCDCCCDCDDCCDDCDDDCCDCCCCCCDCCDCDDCCDDCDCCDCCDCDCCDDDDCDCDCCCDCDDD,3,,30,5,hillclimbSteep
GeneticAgent2,DefectiveAgent,DDCDCCCDCDDCCDDCDDDCCDCCCCCCDCCDCDDCCDDCDCCDCCDCDCCDDDDCDCDCCCDDDDD,3,,30,5,hillclimbSteep
GeneticAgent2,TFTAgent,CDCDCCCDCDDCCDDCDCDCCDCCCCCCDCCDCDCCCDCCDCCDCCDCDCCDDDDCDCDCCCDDDDD,3,,30,5,hillclimbSteep
GeneticAgent2,TFNTAgent,DDCDCCCDCDDCCDDCDCDCCDCCCCCCDCCDCDCCCDCCCCCDCCCCDCCDDDDCDCDCCCDDDCD,3,,30,5,hillclimbSteep
GeneticAgent2,STFTAgent,CDCDCCCDCDDCCDDCDCDCCCCCCCCCDCCDCDCCCDCCCCCDCCCCDCCDDDDCDCDCCCDDCCC,3,,30,5,hillclimbSteep
GeneticAgent2,PavlovAgent,CDCDCCCDCDDCCDDCDCDCCCCCCCCCDCCDCDCCCDCCCCCDCCCCDCCDDDDCDCDCCCDDCCC,3,,30,5,hillclimbSteep
GeneticAgent2,GeneticAgent,CDCDDCCDCDCCDDCCDDDCCCCCCCCCDCCDCDCDDCDCCCCDCCCDDCCDDDDCDCDCDCDDCDC,3,,30,5,hillclimbSteep
GeneticAgent2,GeneticAgent2,DDDCDCCCDDDCCDDCDDDCCCCCCCCCCCDDCDCDDCCDCDDDCCCDDCCDDDDDDCDCDCDCDDC,3,,30,5,hillclimbSteep
GeneticAgent2,RandomAgent,CDCDDCCCCCDDCDDDDDCDCCCDDDCCCDDCDDCDCDCCDCCCCCCCDCCDCCDCCDDCCDDCDDC,3,,30,5,hillclimbsteep
GeneticAgent2,CooperativeAgent,CDCDDCCCCCDDCDDDDDCDCCCDDDCCCDDCDDCDCDCCDCCCCCCCDCCDCCDCDDDCCDDCDDD,3,,30,5,hillclimbsteep
GeneticAgent2,DefectiveAgent,CDCDDCCCCCDDCDDDDDCDCCCDDDCCCDDCDDCDCDCCDCCCCCCCDCCDCCDCDDDCCDDDDDD,3,,30,5,hillclimbsteep
GeneticAgent2,TFTAgent,CDCDCCCCCCDDCDDDDDCDCCCDDDCCCDDCDDCDCDCCDCCCCCCCDCCDCCDCDDDCCDDDCCC,3,,30,5,hillclimbsteep
GeneticAgent2,TFNTAgent,CDCDCCCCCCDDCDDDDDCDCCCDDDCCCDDCDDCDCDCCCCCCCCCCDCCDCCDCDDDCCDDDDCC,3,,30,5,hillclimbsteep
GeneticAgent2,STFTAgent,CDCDCCCCCCDDCDDDDDCDCCCDDDCCCDDCDDCDCDCCCCCCCCCCDCCDCCDCDDDCCDDDCCC,3,,30,5,hillclimbsteep
GeneticAgent2,PavlovAgent,CDCDCCCCCCDDCDDDDDCDCCCDDDCCCDDCDDCDCDCCCCCCCCCCDCCDCCDCDDDCCDDDCCC,3,,30,5,hillclimbsteep
GeneticAgent2,GeneticAgent,CDCDCCCCCCDDCDDDDDCDCCCDDDCCCDDCDDCDCDCCCCCCCCCCDCCDCCDCDDDCCDDDCCC,3,,30,5,hillclimbsteep
GeneticAgent2,GeneticAgent2,DDCCCCCCCDCDCDCCDDCDDDCDDDDDCCDDDCDDDDDDDDCDDDDCDDDDCDDDDCDDCDCCDDD,3,,30,5,hillclimbsteep
GeneticAgent2,RandomAgent,DCCDDCCCCDDCDCDCDCCDCCCDCCDCCCDCDCCCCCDDDDCCDCCDCCCCCDCDDCDDCDDDDDD,3,,30,5,tabusearch
GeneticAgent2,CooperativeAgent,DDCDDDDDDDDCDDCCDCDDDDDDDCDDDCCDDDCDCCDDCDCDDDCDCCCDDDDDCCDCDDDCDDC,3,,30,5,tabusearch
GeneticAgent2,DefectiveAgent,DDCDDDDCCCDCDDCCDCDCDDDDCDDCCCCCDCDDCDCDDCCDCCDCCDCDDCDDCCCDDCCCDCC,3,,30,5,tabusearch
GeneticAgent2,TFTAgent,CDCDCCCDDDCCDCDCCCDCCCCDDDDCDCDDDDCCDDCCCDDCCCDCDCDCDDDDDCCDCDDDCCC,3,,30,5,tabusearch
GeneticAgent2,TFNTAgent,CCCDDCCCCCDCDCCCCCDDDDCDDCCCCCDCDDDCDCDDCCDDCDCCCDCDDCCDDCCCCDDDDCD,3,,30,5,tabusearch
GeneticAgent2,STFTAgent,CDDDDDCCCDDDCCDCDCDDCDDDCCCCCDCCCDDDDCDCCCCDCCDDDDCDDDCCCDDCDCDDCCD,3,,30,5,tabusearch
GeneticAgent2,PavlovAgent,CDDCCDDDDCCDDCDDDCDDDDDDDDDDDCCCDDCCCCDDDDDCCDDDDCDDDCDCCCDDCDCDDCD,3,,30,5,tabusearch
GeneticAgent2,GeneticAgent,DCDDDDCDDCDCCDDDDCCCDCDDCCDDCDCCDDDCCCDDCDDCCCDCDDDCCCDDDDCDCDDCDDD,3,,30,5,tabusearch
GeneticAgent2,GeneticAgent2,CDDDCCDDDDDCCDDDCDDCDDCDDCCDCDDCDCDDCCDCDCDDDDDCDDCCCDDDDDDDCDCCDDC,3,,30,5,tabusearch
GeneticAgent2,RandomAgent,CDDDDDDDDDDDCCCDDDDDCCCDCDDCDDDCDCDDCDDDDCCCCCDCDCCDCDDDDCCDCCDCDDC,3,,30,5,tabusearch
GeneticAgent2,CooperativeAgent,DDDDDDDCDDDCDCDDDCDCCCDDDDDDDCDDDCCCCCCCCCDDCDDDCCCDDCCCDCDDDDCDDCC,3,,30,5,tabusearch
GeneticAgent2,DefectiveAgent,DCDCDDDDCCDCCDDCDDDDDDDCDDDCCCCDDCDDCDDCDDCDCCDDDCCDCCCDDCCCDDDDDDC,3,,30,5,tabusearch
GeneticAgent2,TFTAgent,CDDCCDDDCDDDCCDDDDCDCCCDDDDCDDDCCCCCDCDDCCCCDCCDCCCCDDDCCCCDCCDDCCC,3,,30,5,tabusearch
GeneticAgent2,TFNTAgent,DCCCCDCCCDDCCCCDDCCCDDCCDCCDCCDDCDCCCCCCCCCDDDCDCCDCCDDCCDDCCCDDDCD,3,,30,5,tabusearch
GeneticAgent2,STFTAgent,DDDDDDDDCCDCCDDDCCDDDCDCCCCCCCDDCDDDCDDCCDDCCCCCDDDDDCCDDDDCCCDCCCD,3,,30,5,tabusearch
GeneticAgent2,PavlovAgent,DCCDCDDDCCCCDCDDDDCDCDDDCDDCCDDDCDDDCCDCDDCCDCCCDCDCCCDDCCDDDDDDDCD,3,,30,5,tabusearch
GeneticAgent2,GeneticAgent,DCCCCCCCDCCDDCDDCCCDCCCDDDCCCDCCCDDDCCDDDCCDDDDCCCCDCDCDDCCCDCCCDCC,3,,30,5,tabusearch
GeneticAgent2,GeneticAgent2,DCDDCCCCCCDDCCCDCDDCCDDDCDCCDDDDCCDCCCCDCDCDCDCDCCCCDDCDCCDDCDDCCDC,3,,30,5,tabusearch
GeneticAgent,RandomAgent,DDCCDCDDDDC,3,,30,5,tabusearch
GeneticAgent,CooperativeAgent,DDDDCCDDDDD,3,,30,5,tabusearch
GeneticAgent,DefectiveAgent,DCDDDCCDDDD,3,,30,5,tabusearch
GeneticAgent,TFTAgent,CCDDCDCCDDD,3,,30,5,tabusearch
GeneticAgent,TFNTAgent,DDDDCCCDDDC,3,,30,5,tabusearch
GeneticAgent,STFTAgent,CCCCCCCCDCC,3,,30,5,tabusearch
GeneticAgent,PavlovAgent,CDDDCDCCDDD,3,,30,5,tabusearch
GeneticAgent,GeneticAgent,DCDCDDDCDDD,3,,30,5,tabusearch
GeneticAgent,GeneticAgent2,DCCDCDDDDDD,3,,30,5,tabusearch
GeneticAgent,RandomAgent,DDDDDCDDDDD,3,,30,5,hillclimbsteep
GeneticAgent,CooperativeAgent,DDDDDCDDDDD,3,,30,5,hillclimbsteep
GeneticAgent,DefectiveAgent,DDDDDCDDDDD,3,,30,5,hillclimbsteep
GeneticAgent,TFTAgent,DDDDDCDDDCD,3,,30,5,hillclimbsteep
GeneticAgent,TFNTAgent,CDDDDCDDDCD,3,,30,5,hillclimbsteep
GeneticAgent,STFTAgent,CDDDDCDDDCD,3,,30,5,hillclimbsteep
GeneticAgent,PavlovAgent,CCDCCCCCDDC,3,,30,5,hillclimbsteep
GeneticAgent,GeneticAgent,DDDDDDDDDCD,3,,30,5,hillclimbsteep
GeneticAgent,GeneticAgent2,DDCDDDDDDCD,3,,30,5,hillclimbsteep
GeneticAgent,RandomAgent,DDDDDDDDDDC,3,,30,5,hillclimbsteep
GeneticAgent,CooperativeAgent,DDDDDDDDDDD,3,,30,5,hillclimbsteep
GeneticAgent,DefectiveAgent,DDDDDDDDDDD,3,,30,5,hillclimbsteep
GeneticAgent,TFTAgent,DCDCCCDDCDD,3,,30,5,hillclimbsteep
GeneticAgent,TFNTAgent,DCDCCCDDDDD,3,,30,5,hillclimbsteep
GeneticAgent,STFTAgent,DCDCCCDDCCD,3,,30,5,hillclimbsteep
GeneticAgent,PavlovAgent,CCDCCCCCCCC,3,,30,5,hillclimbsteep
GeneticAgent,GeneticAgent,CCCDDDCDDDD,3,,30,5,hillclimbsteep
GeneticAgent,GeneticAgent2,DDDDDDDCDCD,3,,30,5,hillclimbsteep
GeneticAgent,RandomAgent,CCCDDDDDDDD,3,,30,5,tabusearch
GeneticAgent,CooperativeAgent,DCDDDCCCDDD,3,,30,5,tabusearch
GeneticAgent,DefectiveAgent,DCDDDCDDDDD,3,,30,5,tabusearch
GeneticAgent,TFTAgent,DCDDCDDCDCC,3,,30,5,tabusearch
GeneticAgent,TFNTAgent,CDCCDCCCDCC,3,,30,5,tabusearch
GeneticAgent,STFTAgent,CCDCCCCCCCC,3,,30,5,tabusearch
GeneticAgent,PavlovAgent,CDCDCDCCCCC,3,,30,5,tabusearch
GeneticAgent,GeneticAgent,DDCDDDDDDCC,3,,30,5,tabusearch
GeneticAgent,GeneticAgent2,DCDDCDDDCDD,3,,30,5,tabusearch
GeneticAgent,RandomAgent,DDDDDDDCDDD,3,,30,5,tabusearch
GeneticAgent,CooperativeAgent,CDDDDCDCDDD,3,,30,5,tabusearch
GeneticAgent,DefectiveAgent,CDDDCCCCDDD,3,,30,5,tabusearch
GeneticAgent,TFTAgent,CCCCCCCDDDC,3,,30,5,tabusearch
GeneticAgent,TFNTAgent,CCCDCDDCDCD,3,,30,5,tabusearch
GeneticAgent,STFTAgent,DCDDCCCCCCD,3,,30,5,tabusearch
GeneticAgent,PavlovAgent,DCCDDDDDDDD,3,,30,5,tabusearch
GeneticAgent,GeneticAgent,DCDDCDDCCDD,3,,30,5,tabusearch
GeneticAgent,GeneticAgent2,DCDDDCDDDCC,3,,30,5,tabusearch
GeneticAgent,RandomAgent,CDDDDDDCDDC,3,,30,5,tabusearch
GeneticAgent,CooperativeAgent,CDDCDDDDDCD,3,,30,5,tabusearch
GeneticAgent,DefectiveAgent,DDCCDCCDDDD,3,,30,5,tabusearch
GeneticAgent,TFTAgent,CCDCCDCDCDD,3,,30,5,tabusearch
GeneticAgent,TFNTAgent,CDDCCCCCCDD,3,,30,5,tabusearch
GeneticAgent,STFTAgent,CCDDCDCCDCC,3,,30,5,tabusearch
GeneticAgent,PavlovAgent,CDDCCDCCCCC,3,,30,5,tabusearch
GeneticAgent,GeneticAgent,DDDCDDDDCCD,3,,30,5,tabusearch
GeneticAgent,GeneticAgent2,DDDDCDDDDCC,3,,30,5,tabusearch
GeneticAgent,RandomAgent,DCDDDCDDCCC,3,,30,5,tabusearch
GeneticAgent,CooperativeAgent,DDCCDCDDCDD,3,,30,5,tabusearch
GeneticAgent,DefectiveAgent,CCCDDDDDDDD,3,,30,5,tabusearch
GeneticAgent,TFTAgent,CCDCCDDCCCC,3,,30,5,tabusearch
GeneticAgent,TFNTAgent,CDCDDDDDDDC,3,,30,5,tabusearch
GeneticAgent,STFTAgent,CCCDCCCDCCC,3,,30,5,tabusearch
GeneticAgent,PavlovAgent,CCCCCDCCDCC,3,,30,5,tabusearch
GeneticAgent,GeneticAgent,DCDCDDDDDDD,3,,30,5,tabusearch
GeneticAgent,GeneticAgent2,DCDDDCDCCDC,3,,30,5,tabusearch
