Opponent,Ruleset,memSize,search,GAscore,opponentscore
Random Agent,DCDCDDDDCCDDCDDCDCDDDCDCDDDCCDDCCDDCDDDDDCDDDDDDDCCCCCCCDCDCDDCDDDCCDC,6,random,303,263
Cooperative Agent,DDCDCCDCCCDCDCCCDCDCCDDCDDCDDDDCDCDDDCCDDCCCDCCCDDDDCCCCCDCCDDCDDDDDDD,6,random,640,0
Defective Agent,DDCDCCDDDDDCDDDCCCDDDCDCDDDCCCDDCCCDDDCCCDCDCCDDCCDDCDCCCDCCDDDDDDDCDD,6,random,127,132
Tit For Tat Agent,CCCDCDCDCDCDCCDDDCDCDCCCDDDCCCCCCDCDDDCDDCCDCDCDCDDCDCDCDCCCCDCDCCCCCC,6,random,384,384
Tit For 2 Tat Agent,DCCDCDCDDCDCDDCDCCDDDDCDCCCDDDDCCDDCCDDCDDDCDDDCDCDCDCDCCCDDDCCDDCCCCC,6,random,450,195
Suspicious Tit For Tat Agent,CDCCCDDDCDDCCDDDCDDCCCCDCCCDCCDCCCDDCDDCCCCCCDDCCCDCCCCCDCDCCCCDCCDCDC,6,random,376,381
Pavlov Agent,CCCDDDCCDCCDCCDDDCDCDDDDDDCCCDCDCDCCCCCDCDDCDDCDDCDDDDCDDCCCCDCCCCCCCC,6,random,384,384
Genetic Agent,DDDCDCDDDCDCDDCCDCCCCCCCDCDCDDDCDDCDDDDDDDCDCCDDCCCDDCDDCDDDDDDCDDDDDD,6,random,337,232
Random Agent,CDDDDDCDCCC,3,crossover,150,85
Cooperative Agent,CDCCDDDCDDC,3,crossover,184,174
Defective Agent,DDCCCCDDDCD,3,crossover,59,64
Tit For Tat Agent,CDDDDCDCCCC,3,crossover,180,180
Tit For 2 Tat Agent,DCDCCDDCDDD,3,crossover,187,102
Suspicious Tit For Tat Agent,CCDDCDCCDDD,3,crossover,171,176
Pavlov Agent,CCDDCCCCDDD,3,crossover,169,179
Genetic Agent,DDDCDDCCCDD,3,crossover,119,119
Random Agent,DDDDDDDDDDC,3,crossover,390,65
Cooperative Agent,DDCCDDDDDDD,3,crossover,640,0
Defective Agent,CCCCDDDDDDD,3,crossover,128,128
Tit For Tat Agent,CDCCCDDCCCC,3,crossover,384,384
Tit For 2 Tat Agent,DDDCCCDDCDC,3,crossover,423,213
Suspicious Tit For Tat Agent,CCCDCCDCCCC,3,crossover,381,386
Pavlov Agent,CCDCDDCDCCC,3,crossover,384,384
Genetic Agent,DCCDCDDDDDD,3,crossover,314,239
Random Agent,DCDDCDDCDDCDCCDCDCDCDDDCDDDDDCDCCCCDDDDDDDCCDCDCDDDDCDDDDDDDDDCDDDDDCC,6,crossover,291,251
Cooperative Agent,DDDCCCCCDDCCCDCCDDDDCCCCDCDDDCCDCCCCCCCCDCCCCDDCCDCCCDDCDCCCCDCDDCDDDD,6,crossover,638,3
Defective Agent,CDCDCCDCDCCCDCCDDCCCCDCDCCCDCDCDCDDCDDDDCCDDDCDDDCCCDDDDCDCDDDCDDDDDDD,6,crossover,128,128
Tit For Tat Agent,CCDCDDDCCDCCCCDCDCCDCDDCDDCDDCCCDDDDDDDCCCCDDCDCCCDDDDDDCDDDCCDDCCCCCC,6,crossover,384,384
Tit For 2 Tat Agent,DCCDDCCDDDCCDCCCCDCDCDDDDCDDDDDDDDDDDCDDCDCCDCDDCCCDDCDCDDDDDCCDDCCCCD,6,crossover,460,205
Suspicious Tit For Tat Agent,CCCCCCCCCCCDCCDCCDDCCCCDCCCCCDCDCDCCDCCDCDDCCDDDCCDDCCCDDCCDDCCCDDDDCD,6,crossover,372,377
Pavlov Agent,CDDDCCDCDCDCCCCCCDDCDDDCDCCCCCCDCCDCCCDDDCDCCDCCCDCDCCCDCDCCDDDDCCCCCC,6,crossover,384,384
Genetic Agent,DDDCDCDCDDCCCCDCDDCCCCDCDDCDCDDCDDCDDCDDDCDDCCCDCDCDCCCCDDDDCDCDCDCCCD,6,crossover,266,346
Random Agent,DDDDDCDCCDD,3,hill climb greedy,207,42
Cooperative Agent,DCDCCCCDDDD,3,hill climb greedy,300,0
Defective Agent,DCCCCDDDDDD,3,hill climb greedy,60,60
Tit For Tat Agent,DCDDCCCCDCC,3,hill climb greedy,160,160
Tit For 2 Tat Agent,CCDCDDCCDDC,3,hill climb greedy,195,120
Suspicious Tit For Tat Agent,CCCDCDCCDDD,3,hill climb greedy,171,176
Pavlov Agent,CCDDDCCDCCC,3,hill climb greedy,180,180
Genetic Agent,DCCDDCDDCDD,3,hill climb greedy,120,120
Random Agent,DDDDDDDDCDD,3,hill climb steep,163,38
Cooperative Agent,DDDDDDDDDDD,3,hill climb steep,300,0
Defective Agent,DDDDDDDDDDD,3,hill climb steep,60,60
Tit For Tat Agent,DCDCCCDDCDD,3,hill climb steep,161,156
Tit For 2 Tat Agent,DCDCCCDDDDD,3,hill climb steep,187,102
Suspicious Tit For Tat Agent,DCDCCCDDCCD,3,hill climb steep,160,160
Pavlov Agent,CCDCCCCCCCC,3,hill climb steep,180,180
Genetic Agent,DDCDDCDCCDD,3,hill climb steep,56,191
Random Agent,CCCCCCCCDCDCDCCDDDCC,4,hill climb greedy,127,182
Cooperative Agent,DDDDCDDDDCDCCDDCDCDD,4,hill climb greedy,298,3
Defective Agent,DDDCDDDDDDDCDDCDDDCD,4,hill climb greedy,59,64
Tit For Tat Agent,DCCCDCDCCCDDDDDCCDCC,4,hill climb greedy,165,165
Tit For 2 Tat Agent,CDCDDCDCDDCDDCDCDDCD,4,hill climb greedy,216,96
Suspicious Tit For Tat Agent,DCDCDDDDCCCDCDCDCCDD,4,hill climb greedy,145,145
Pavlov Agent,CDDDDDDDCCDDCCCCDDDD,4,hill climb greedy,169,169
Genetic Agent,CDCDCCCDCCCCCCCCDDCC,4,hill climb greedy,48,233
Random Agent,DCDCDCDDDDDDDDDCDDCC,4,hill climb steep,170,75
Cooperative Agent,DCDCDCDDDDDDDDDCDDDD,4,hill climb steep,300,0
Defective Agent,DCDCDCDDDDDDDDDDDDDD,4,hill climb steep,60,60
Tit For Tat Agent,DCDCDCCCDDCDDCCDDCDD,4,hill climb steep,147,142
Tit For 2 Tat Agent,DCDDDCCCCDCDDCCDDCDC,4,hill climb steep,205,90
Suspicious Tit For Tat Agent,DCCDDCCCCCCDDCCDCCDC,4,hill climb steep,162,167
Pavlov Agent,DCCCDCCCCCCDDCCDDCCC,4,hill climb steep,116,206
Genetic Agent,DDDDDCDDDDDCCDCCDCDD,4,hill climb steep,69,164
