Opponent,Fittest,memSize,nGens,gameLen,nGames,search
RandomAgent,DCDCDDDDCCDDCDDCDCDDDCDCDDDCCDDCCDDCDDDDDCDDDDDDDCCCCCCCDCDCDDCDDDCCDC,6,1000,64,10,random
CooperativeAgent,DDCDCCDCCCDCDCCCDCDCCDDCDDCDDDDCDCDDDCCDDCCCDCCCDDDDCCCCCDCCDDCDDDDDDD,6,1000,64,10,random
DefectiveAgent,DDCDCCDDDDDCDDDCCCDDDCDCDDDCCCDDCCCDDDCCCDCDCCDDCCDDCDCCCDCCDDDDDDDCDD,6,1000,64,10,random
TFTAgent,CCCDCDCDCDCDCCDDDCDCDCCCDDDCCCCCCDCDDDCDDCCDCDCDCDDCDCDCDCCCCDCDCCCCCC,6,1000,64,10,random
TFNTAgent,DCCDCDCDDCDCDDCDCCDDDDCDCCCDDDDCCDDCCDDCDDDCDDDCDCDCDCDCCCDDDCCDDCCCCC,6,1000,64,10,random
STFTAgent,CDCCCDDDCDDCCDDDCDDCCCCDCCCDCCDCCCDDCDDCCCCCCDDCCCDCCCCCDCDCCCCDCCDCDC,6,1000,64,10,random
PavlovAgent,CCCDDDCCDCCDCCDDDCDCDDDDDDCCCDCDCDCCCCCDCDDCDDCDDCDDDDCDDCCCCDCCCCCCCC,6,1000,64,10,random
GeneticAgent,DDDCDCDDDCDCDDCCDCCCCCCCDCDCDDDCDDCDDDDDDDCDCCDDCCCDDCDDCDDDDDDCDDDDDD,6,1000,64,10,random
RandomAgent,CDDDDDCDCCC,3,100,30,10,crossover
CooperativeAgent,CDCCDDDCDDC,3,100,30,10,crossover
DefectiveAgent,DDCCCCDDDCD,3,100,30,10,crossover
TFTAgent,CDDDDCDCCCC,3,100,30,10,crossover
TFNTAgent,DCDCCDDCDDD,3,100,30,10,crossover
STFTAgent,CCDDCDCCDDD,3,100,30,10,crossover
PavlovAgent,CCDDCCCCDDD,3,100,30,10,crossover
GeneticAgent,DDDCDDCCCDD,3,100,30,10,crossover
RandomAgent,DDDDDDDDDDC,3,1000,64,10,crossover
CooperativeAgent,DDCCDDDDDDD,3,1000,64,10,crossover
DefectiveAgent,CCCCDDDDDDD,3,1000,64,10,crossover
TFTAgent,CDCCCDDCCCC,3,1000,64,10,crossover
TFNTAgent,DDDCCCDDCDC,3,1000,64,10,crossover
STFTAgent,CCCDCCDCCCC,3,1000,64,10,crossover
PavlovAgent,CCDCDDCDCCC,3,1000,64,10,crossover
GeneticAgent,DCCDCDDDDDD,3,1000,64,10,crossover
RandomAgent,DCDDCDDCDDCDCCDCDCDCDDDCDDDDDCDCCCCDDDDDDDCCDCDCDDDDCDDDDDDDDDCDDDDDCC,6,1000,64,10,crossover
CooperativeAgent,DDDCCCCCDDCCCDCCDDDDCCCCDCDDDCCDCCCCCCCCDCCCCDDCCDCCCDDCDCCCCDCDDCDDDD,6,1000,64,10,crossover
DefectiveAgent,CDCDCCDCDCCCDCCDDCCCCDCDCCCDCDCDCDDCDDDDCCDDDCDDDCCCDDDDCDCDDDCDDDDDDD,6,1000,64,10,crossover
TFTAgent,CCDCDDDCCDCCCCDCDCCDCDDCDDCDDCCCDDDDDDDCCCCDDCDCCCDDDDDDCDDDCCDDCCCCCC,6,1000,64,10,crossover
TFNTAgent,DCCDDCCDDDCCDCCCCDCDCDDDDCDDDDDDDDDDDCDDCDCCDCDDCCCDDCDCDDDDDCCDDCCCCD,6,1000,64,10,crossover
STFTAgent,CCCCCCCCCCCDCCDCCDDCCCCDCCCCCDCDCDCCDCCDCDDCCDDDCCDDCCCDDCCDDCCCDDDDCD,6,1000,64,10,crossover
PavlovAgent,CDDDCCDCDCDCCCCCCDDCDDDCDCCCCCCDCCDCCCDDDCDCCDCCCDCDCCCDCDCCDDDDCCCCCC,6,1000,64,10,crossover
GeneticAgent,DDDCDCDCDDCCCCDCDDCCCCDCDDCDCDDCDDCDDCDDDCDDCCCDCDCDCCCCDDDDCDCDCDCCCD,6,1000,64,10,crossover
RandomAgent,DDDDDCDCCDD,3,,30,5,hill climb greedy
CooperativeAgent,DCDCCCCDDDD,3,,30,5,hill climb greedy
DefectiveAgent,DCCCCDDDDDD,3,,30,5,hill climb greedy
TFTAgent,DCDDCCCCDCC,3,,30,5,hill climb greedy
TFNTAgent,CCDCDDCCDDC,3,,30,5,hill climb greedy
STFTAgent,CCCDCDCCDDD,3,,30,5,hill climb greedy
PavlovAgent,CCDDDCCDCCC,3,,30,5,hill climb greedy
GeneticAgent,DCCDDCDDCDD,3,,30,5,hill climb greedy
RandomAgent,DDDDDDDDCDD,3,,30,5,hill climb steep
CooperativeAgent,DDDDDDDDDDD,3,,30,5,hill climb steep
DefectiveAgent,DDDDDDDDDDD,3,,30,5,hill climb steep
TFTAgent,DCDCCCDDCDD,3,,30,5,hill climb steep
TFNTAgent,DCDCCCDDDDD,3,,30,5,hill climb steep
STFTAgent,DCDCCCDDCCD,3,,30,5,hill climb steep
PavlovAgent,CCDCCCCCCCC,3,,30,5,hill climb steep
GeneticAgent,DDCDDCDCCDD,3,,30,5,hill climb steep
RandomAgent,CCCCCCCCDCDCDCCDDDCC,4,,30,5,hill climb greedy
CooperativeAgent,DDDDCDDDDCDCCDDCDCDD,4,,30,5,hill climb greedy
DefectiveAgent,DDDCDDDDDDDCDDCDDDCD,4,,30,5,hill climb greedy
TFTAgent,DCCCDCDCCCDDDDDCCDCC,4,,30,5,hill climb greedy
TFNTAgent,CDCDDCDCDDCDDCDCDDCD,4,,30,5,hill climb greedy
STFTAgent,DCDCDDDDCCCDCDCDCCDD,4,,30,5,hill climb greedy
PavlovAgent,CDDDDDDDCCDDCCCCDDDD,4,,30,5,hill climb greedy
GeneticAgent,CDCDCCCDCCCCCCCCDDCC,4,,30,5,hill climb greedy
RandomAgent,DCDCDCDDDDDDDDDCDDCC,4,,30,5,hill climb steep
CooperativeAgent,DCDCDCDDDDDDDDDCDDDD,4,,30,5,hill climb steep
DefectiveAgent,DCDCDCDDDDDDDDDDDDDD,4,,30,5,hill climb steep
TFTAgent,DCDCDCCCDDCDDCCDDCDD,4,,30,5,hill climb steep
TFNTAgent,DCDDDCCCCDCDDCCDDCDC,4,,30,5,hill climb steep
STFTAgent,DCCDDCCCCCCDDCCDCCDC,4,,30,5,hill climb steep
PavlovAgent,DCCCDCCCCCCDDCCDDCCC,4,,30,5,hill climb steep
GeneticAgent,DDDDDCDDDDDCCDCCDCDD,4,,30,5,hill climb steep